{"accuracy": [0.528124988079071, 0.8274999856948853, 0.895312488079071, 0.9346874952316284, 0.9296875, 0.9537500143051147, 0.973437488079071, 0.9637500047683716, 0.9837499856948853, 0.9943749904632568], "loss": [1.2816407680511475, 0.4606534242630005, 0.3003356456756592, 0.19187289476394653, 0.20534317195415497, 0.13028787076473236, 0.0766555666923523, 0.10640791803598404, 0.04677722975611687, 0.01777026802301407], "val_accuracy": [0.7587500214576721, 0.737500011920929, 0.8575000166893005, 0.8899999856948853, 0.8924999833106995, 0.9225000143051147, 0.9325000047683716, 0.8725000023841858, 0.9649999737739563, 0.9587500095367432], "val_loss": [0.6504823565483093, 0.6716820001602173, 0.39833033084869385, 0.36588799953460693, 0.3454864025115967, 0.24604393541812897, 0.23680004477500916, 0.3515227138996124, 0.12174493074417114, 0.16386017203330994]}